Handle,Title,Body (HTML),Vendor,Product Category,Type,Tags,Published,Option1 Name,Option1 Value,Option2 Name,Option2 Value,Option3 Name,Option3 Value,Variant SKU,Variant Grams,Variant Inventory Tracker,Variant Inventory Qty,Variant Inventory Policy,Variant Fulfillment Service,Variant Price,Variant Compare At Price,Variant Requires Shipping,Variant Taxable,Variant Barcode,Image Src,Image Position,Image Alt Text,Gift Card,SEO Title,SEO Description,Google Shopping / Google Product Category,Status
nouveau-sofa,Nouveau Sofa,"<p>Handcrafted in treated solid teakwood with a smooth melamine matte finish, featuring fine radio pre-woven rattan crafting and tailored new molfino 903 fabric upholstery.</p>
<h3>Product Specifications</h3>
<ul>
  <li><strong>Base Material:</strong> Treated Solid Teakwood</li>
  <li><strong>Finish / Polish:</strong> Melamine Matte Finish</li>
  <li><strong>Dimensions:</strong> 200 cm W × 70 cm D × 82 cm H (Seat H: 42 cm)</li>
  <li><strong>Fabric Upholstery:</strong> Seated back rest new molfino 903</li>
  <li><strong>Rattan Weaving:</strong> Fine radio pre-woven rattan</li>
  <li><strong>Manufacturing Atelier:</strong> Pattambi Factory, Palakkad, Kerala</li>
  <li><strong>Warranty:</strong> 5-Year Structural Frame Warranty</li>
  <li><strong>Customization:</strong> Available upon request</li>
</ul>
<h3>Artisanal Made-to-Order Process</h3>
<p>Every piece is fabricated to order by our master carpenters. Zero mass-production or particle board fillers. Insured white-glove transport across India.</p>",ZOOSH,Furniture > Sofas,Three Seater Sofa,"Furniture, Three Seater Sofa, Treated Solid Teakwood, Melamine Matte Finish, Made to Order, Solid Wood, Kerala Crafted",TRUE,Wood / Material,Treated Solid Teakwood,Dimensions,200 cm W × 70 cm D × 82 cm H,Title,Default Title,SF001,50000,shopify,10,continue,manual,40000.00,46000.00,TRUE,TRUE,,https://zoosh.in/images/WhatsApp Image 2026-01-28 at 10.24.22 (1).jpeg,1,Nouveau Sofa - Treated Solid Teakwood by ZOOSH,FALSE,Nouveau Sofa | Handcrafted Solid Wood Furniture | ZOOSH,Handcrafted Nouveau Sofa made from Treated Solid Teakwood with Melamine Matte Finish. Custom bespoke furniture made to order by ZOOSH Kerala.,Furniture,active
nouveau-sofa,,,,,,,,,,,,,,,,,,,,,,,,,https://zoosh.in/images/products/sf001-2.jpg,2,Nouveau Sofa Detail View 2,,,,,
nouveau-sofa,,,,,,,,,,,,,,,,,,,,,,,,,https://zoosh.in/images/products/sf001-3.jpg,3,Nouveau Sofa Detail View 3,,,,,
aura-sectional-sofa,Aura Sectional Sofa,"<p>Architectural L-shaped sectional sofa made of solid ash wood with a melamine matte finish, deep lounge proportions, and tailored fabric upholstery.</p>
<h3>Product Specifications</h3>
<ul>
  <li><strong>Base Material:</strong> Solid Ash Wood</li>
  <li><strong>Finish / Polish:</strong> Melamine Matte Finish</li>
  <li><strong>Dimensions:</strong> Main: 210 × 90 × 85 cm | Chaise: 180 × 90 × 85 cm</li>
  <li><strong>Fabric Upholstery:</strong> Cream Linen-Cotton Blend</li>
  <li><strong>Manufacturing Atelier:</strong> Pattambi Factory, Palakkad, Kerala</li>
  <li><strong>Warranty:</strong> 5-Year Structural Frame Warranty</li>
  <li><strong>Customization:</strong> Available upon request</li>
</ul>
<h3>Artisanal Made-to-Order Process</h3>
<p>Every piece is fabricated to order by our master carpenters. Zero mass-production or particle board fillers. Insured white-glove transport across India.</p>",ZOOSH,Furniture > Sofas,Three Seater Sofa,"Furniture, Three Seater Sofa, Solid Ash Wood, Melamine Matte Finish, Made to Order, Solid Wood, Kerala Crafted",TRUE,Wood / Material,Solid Ash Wood,Dimensions,Main: 210 × 90 × 85 cm | Chaise: 180 × 90 × 85 cm,Title,Default Title,SF002,50000,shopify,10,continue,manual,134500.00,154675.00,TRUE,TRUE,,https://zoosh.in/images/products/sf002-main.jpg,1,Aura Sectional Sofa - Solid Ash Wood by ZOOSH,FALSE,Aura Sectional Sofa | Handcrafted Solid Wood Furniture | ZOOSH,Handcrafted Aura Sectional Sofa made from Solid Ash Wood with Melamine Matte Finish. Custom bespoke furniture made to order by ZOOSH Kerala.,Furniture,active
aura-sectional-sofa,,,,,,,,,,,,,,,,,,,,,,,,,https://zoosh.in/images/products/sf002-1.jpg,2,Aura Sectional Sofa Detail View 2,,,,,
aura-sectional-sofa,,,,,,,,,,,,,,,,,,,,,,,,,https://zoosh.in/images/products/sf002-2.jpg,3,Aura Sectional Sofa Detail View 3,,,,,
aura-sectional-sofa,,,,,,,,,,,,,,,,,,,,,,,,,https://zoosh.in/images/products/sf002-3.jpg,4,Aura Sectional Sofa Detail View 4,,,,,
aura-sectional-sofa,,,,,,,,,,,,,,,,,,,,,,,,,https://zoosh.in/images/products/sf002-4.jpg,5,Aura Sectional Sofa Detail View 5,,,,,
kanso-sofa,Kanso Sofa,"<p>Formal living sofa in solid mahogany wood featuring spindle detailing on the armrest and back frame, an integrated side tray extension, and refined matt polish.</p>
<h3>Product Specifications</h3>
<ul>
  <li><strong>Base Material:</strong> Solid Mahogany</li>
  <li><strong>Finish / Polish:</strong> Matt Polish</li>
  <li><strong>Dimensions:</strong> 220 cm W × 85 cm D × 80 cm H (Seat H: 42 cm)</li>
  <li><strong>Fabric Upholstery:</strong> Tailored Linen Upholstery</li>
  <li><strong>Manufacturing Atelier:</strong> Pattambi Factory, Palakkad, Kerala</li>
  <li><strong>Warranty:</strong> 5-Year Structural Frame Warranty</li>
  <li><strong>Customization:</strong> Available upon request</li>
</ul>
<h3>Artisanal Made-to-Order Process</h3>
<p>Every piece is fabricated to order by our master carpenters. Zero mass-production or particle board fillers. Insured white-glove transport across India.</p>",ZOOSH,Furniture > Sofas,Three Seater Sofa,"Furniture, Three Seater Sofa, Solid Mahogany, Matt Polish, Made to Order, Solid Wood, Kerala Crafted",TRUE,Wood / Material,Solid Mahogany,Dimensions,220 cm W × 85 cm D × 80 cm H,Title,Default Title,SF003,50000,shopify,10,continue,manual,75990.00,87388.00,TRUE,TRUE,,https://zoosh.in/images/products/sf003-1.jpg,1,Kanso Sofa - Solid Mahogany by ZOOSH,FALSE,Kanso Sofa | Handcrafted Solid Wood Furniture | ZOOSH,Handcrafted Kanso Sofa made from Solid Mahogany with Matt Polish. Custom bespoke furniture made to order by ZOOSH Kerala.,Furniture,active
kanso-sofa,,,,,,,,,,,,,,,,,,,,,,,,,https://zoosh.in/images/products/sf003-2.jpg,2,Kanso Sofa Detail View 2,,,,,
kanso-sofa,,,,,,,,,,,,,,,,,,,,,,,,,https://zoosh.in/images/products/sf003-3.jpg,3,Kanso Sofa Detail View 3,,,,,
kyoto-sectional-sofa,Kyoto Sectional Sofa,"<p>An architectural L-shaped sofa handcrafted in solid ash wood with a melamine matte finish, natural cane armrest weave, and deep teal fabric upholstery.</p>
<h3>Product Specifications</h3>
<ul>
  <li><strong>Base Material:</strong> Solid Ash Wood</li>
  <li><strong>Finish / Polish:</strong> Melamine Matte Finish</li>
  <li><strong>Dimensions:</strong> Main: 210 × 90 × 85 cm | Chaise: 180 × 90 × 85 cm</li>
  <li><strong>Fabric Upholstery:</strong> Royal Teal Fabric Upholstery</li>
  <li><strong>Rattan Weaving:</strong> Natural woven cane armrest panel</li>
  <li><strong>Manufacturing Atelier:</strong> Pattambi Factory, Palakkad, Kerala</li>
  <li><strong>Warranty:</strong> 5-Year Structural Frame Warranty</li>
  <li><strong>Customization:</strong> Available upon request</li>
</ul>
<h3>Artisanal Made-to-Order Process</h3>
<p>Every piece is fabricated to order by our master carpenters. Zero mass-production or particle board fillers. Insured white-glove transport across India.</p>",ZOOSH,Furniture > Sofas,Three Seater Sofa,"Furniture, Three Seater Sofa, Solid Ash Wood, Melamine Matte Finish, Made to Order, Solid Wood, Kerala Crafted",TRUE,Wood / Material,Solid Ash Wood,Dimensions,Main: 210 × 90 × 85 cm | Chaise: 180 × 90 × 85 cm,Title,Default Title,SF004,50000,shopify,10,continue,manual,136700.00,157205.00,TRUE,TRUE,,https://zoosh.in/images/products/sf004-1.jpg,1,Kyoto Sectional Sofa - Solid Ash Wood by ZOOSH,FALSE,Kyoto Sectional Sofa | Handcrafted Solid Wood Furniture | ZOOSH,Handcrafted Kyoto Sectional Sofa made from Solid Ash Wood with Melamine Matte Finish. Custom bespoke furniture made to order by ZOOSH Kerala.,Furniture,active
kyoto-sectional-sofa,,,,,,,,,,,,,,,,,,,,,,,,,https://zoosh.in/images/products/sf004-2.jpg,2,Kyoto Sectional Sofa Detail View 2,,,,,
kyoto-sectional-sofa,,,,,,,,,,,,,,,,,,,,,,,,,https://zoosh.in/images/products/sf004-3.jpg,3,Kyoto Sectional Sofa Detail View 3,,,,,
kyoto-sectional-sofa,,,,,,,,,,,,,,,,,,,,,,,,,https://zoosh.in/images/products/sf004-4.jpg,4,Kyoto Sectional Sofa Detail View 4,,,,,
haven-sectional-sofa,Haven Sectional Sofa,"<p>Sectional sofa made of solid teak wood with melamine matt finish, upholstered seating and backrest, and a versatile modular chaise ottoman.</p>
<h3>Product Specifications</h3>
<ul>
  <li><strong>Base Material:</strong> Solid Teak Wood</li>
  <li><strong>Finish / Polish:</strong> Melamine Matt Finish</li>
  <li><strong>Dimensions:</strong> 270 cm W × 165 cm D × 85 cm H (Seat H: 42 cm)</li>
  <li><strong>Fabric Upholstery:</strong> Plush Textured Fabric Upholstery</li>
  <li><strong>Manufacturing Atelier:</strong> Pattambi Factory, Palakkad, Kerala</li>
  <li><strong>Warranty:</strong> 5-Year Structural Frame Warranty</li>
  <li><strong>Customization:</strong> Available upon request</li>
</ul>
<h3>Artisanal Made-to-Order Process</h3>
<p>Every piece is fabricated to order by our master carpenters. Zero mass-production or particle board fillers. Insured white-glove transport across India.</p>",ZOOSH,Furniture > Sofas,Three Seater Sofa,"Furniture, Three Seater Sofa, Solid Teak Wood, Melamine Matt Finish, Made to Order, Solid Wood, Kerala Crafted",TRUE,Wood / Material,Solid Teak Wood,Dimensions,270 cm W × 165 cm D × 85 cm H,Title,Default Title,SF005,50000,shopify,10,continue,manual,53200.00,61180.00,TRUE,TRUE,,https://zoosh.in/images/products/sf005-1.jpg,1,Haven Sectional Sofa - Solid Teak Wood by ZOOSH,FALSE,Haven Sectional Sofa | Handcrafted Solid Wood Furniture | ZOOSH,Handcrafted Haven Sectional Sofa made from Solid Teak Wood with Melamine Matt Finish. Custom bespoke furniture made to order by ZOOSH Kerala.,Furniture,active
haven-sectional-sofa,,,,,,,,,,,,,,,,,,,,,,,,,https://zoosh.in/images/products/sf005-2.jpg,2,Haven Sectional Sofa Detail View 2,,,,,
haven-sectional-sofa,,,,,,,,,,,,,,,,,,,,,,,,,https://zoosh.in/images/products/sf005-3.jpg,3,Haven Sectional Sofa Detail View 3,,,,,
vara-sofa,Vara Sofa,"<p>Handcrafted in solid teak wood with a smooth melamine matte finish, featuring a continuous curved cane wrap-around backrest and custom upholstered seating.</p>
<h3>Product Specifications</h3>
<ul>
  <li><strong>Base Material:</strong> Solid Teak Wood</li>
  <li><strong>Finish / Polish:</strong> Melamine Matte Finish</li>
  <li><strong>Dimensions:</strong> 198 cm W × 82 cm D × 76 cm H (Seat H: 42 cm)</li>
  <li><strong>Fabric Upholstery:</strong> Oatmeal Tailored Upholstery</li>
  <li><strong>Rattan Weaving:</strong> Curved woven rattan wrap-around backrest</li>
  <li><strong>Manufacturing Atelier:</strong> Pattambi Factory, Palakkad, Kerala</li>
  <li><strong>Warranty:</strong> 5-Year Structural Frame Warranty</li>
  <li><strong>Customization:</strong> Available upon request</li>
</ul>
<h3>Artisanal Made-to-Order Process</h3>
<p>Every piece is fabricated to order by our master carpenters. Zero mass-production or particle board fillers. Insured white-glove transport across India.</p>",ZOOSH,Furniture > Sofas,Three Seater Sofa,"Furniture, Three Seater Sofa, Solid Teak Wood, Melamine Matte Finish, Made to Order, Solid Wood, Kerala Crafted",TRUE,Wood / Material,Solid Teak Wood,Dimensions,198 cm W × 82 cm D × 76 cm H,Title,Default Title,SF006,50000,shopify,10,continue,manual,47850.00,55027.00,TRUE,TRUE,,https://zoosh.in/images/products/sf006-1.jpg,1,Vara Sofa - Solid Teak Wood by ZOOSH,FALSE,Vara Sofa | Handcrafted Solid Wood Furniture | ZOOSH,Handcrafted Vara Sofa made from Solid Teak Wood with Melamine Matte Finish. Custom bespoke furniture made to order by ZOOSH Kerala.,Furniture,active
vara-sofa,,,,,,,,,,,,,,,,,,,,,,,,,https://zoosh.in/images/products/sf006-2.jpg,2,Vara Sofa Detail View 2,,,,,
crescent-curved-sofa,Crescent Curved Sofa,"<p>A statement of fluid modern luxury featuring organic sculptural contours, an enveloping crescent silhouette, molded hardwood framing, and tactile upholstery.</p>
<h3>Product Specifications</h3>
<ul>
  <li><strong>Base Material:</strong> Plywood Core & Hardwood Frame</li>
  <li><strong>Finish / Polish:</strong> Fabric Upholstery Finish</li>
  <li><strong>Dimensions:</strong> 260 cm W × 110 cm D × 78 cm H (Seat H: 42 cm)</li>
  <li><strong>Fabric Upholstery:</strong> Premium Textured Soft Upholstery Fabric</li>
  <li><strong>Manufacturing Atelier:</strong> Pattambi Factory, Palakkad, Kerala</li>
  <li><strong>Warranty:</strong> 5-Year Structural Frame Warranty</li>
  <li><strong>Customization:</strong> Available upon request</li>
</ul>
<h3>Artisanal Made-to-Order Process</h3>
<p>Every piece is fabricated to order by our master carpenters. Zero mass-production or particle board fillers. Insured white-glove transport across India.</p>",ZOOSH,Furniture > Sofas,Three Seater Sofa,"Furniture, Three Seater Sofa, Plywood Core & Hardwood Frame, Fabric Upholstery Finish, Made to Order, Solid Wood, Kerala Crafted",TRUE,Wood / Material,Plywood Core & Hardwood Frame,Dimensions,260 cm W × 110 cm D × 78 cm H,Title,Default Title,SF007,50000,shopify,10,continue,manual,59570.00,68506.00,TRUE,TRUE,,https://zoosh.in/images/products/sf007-1.jpg,1,Crescent Curved Sofa - Plywood Core & Hardwood Frame by ZOOSH,FALSE,Crescent Curved Sofa | Handcrafted Solid Wood Furniture | ZOOSH,Handcrafted Crescent Curved Sofa made from Plywood Core & Hardwood Frame with Fabric Upholstery Finish. Custom bespoke furniture made to order by ZOOSH Kerala.,Furniture,active
crescent-curved-sofa,,,,,,,,,,,,,,,,,,,,,,,,,https://zoosh.in/images/products/sf007-2.jpg,2,Crescent Curved Sofa Detail View 2,,,,,
crescent-curved-sofa,,,,,,,,,,,,,,,,,,,,,,,,,https://zoosh.in/images/products/sf007-3.jpg,3,Crescent Curved Sofa Detail View 3,,,,,
elysian-sofa,Elysian Sofa,"<p>Crafted in solid mahogany wood and commercial plywood with a smooth matt polish finish, featuring tailored warm ochre upholstery on deep-cushioned seating.</p>
<h3>Product Specifications</h3>
<ul>
  <li><strong>Base Material:</strong> Mahogany Wood & Plywood</li>
  <li><strong>Finish / Polish:</strong> Matt Polish</li>
  <li><strong>Dimensions:</strong> 210 cm W × 85 cm D × 82 cm H (Seat H: 44 cm)</li>
  <li><strong>Fabric Upholstery:</strong> Warm Ochre Fabric Upholstery</li>
  <li><strong>Manufacturing Atelier:</strong> Pattambi Factory, Palakkad, Kerala</li>
  <li><strong>Warranty:</strong> 5-Year Structural Frame Warranty</li>
  <li><strong>Customization:</strong> Available upon request</li>
</ul>
<h3>Artisanal Made-to-Order Process</h3>
<p>Every piece is fabricated to order by our master carpenters. Zero mass-production or particle board fillers. Insured white-glove transport across India.</p>",ZOOSH,Furniture > Sofas,Three Seater Sofa,"Furniture, Three Seater Sofa, Mahogany Wood & Plywood, Matt Polish, Made to Order, Solid Wood, Kerala Crafted",TRUE,Wood / Material,Mahogany Wood & Plywood,Dimensions,210 cm W × 85 cm D × 82 cm H,Title,Default Title,SF008,50000,shopify,10,continue,manual,39500.00,45425.00,TRUE,TRUE,,https://zoosh.in/images/products/sf008-2.jpg,1,Elysian Sofa - Mahogany Wood & Plywood by ZOOSH,FALSE,Elysian Sofa | Handcrafted Solid Wood Furniture | ZOOSH,Handcrafted Elysian Sofa made from Mahogany Wood & Plywood with Matt Polish. Custom bespoke furniture made to order by ZOOSH Kerala.,Furniture,active
elysian-sofa,,,,,,,,,,,,,,,,,,,,,,,,,https://zoosh.in/images/products/sf008-1.jpg,2,Elysian Sofa Detail View 2,,,,,
zenith-sectional-sofa,Zenith Sectional Sofa,"<p>Handcrafted from solid ash wood with a smooth melamine matte finish, featuring an integrated wooden console armrest table, natural cane side panel, and olive green upholstery.</p>
<h3>Product Specifications</h3>
<ul>
  <li><strong>Base Material:</strong> Solid Ash Wood</li>
  <li><strong>Finish / Polish:</strong> Melamine Matte Finish</li>
  <li><strong>Dimensions:</strong> Main: 270 × 90 × 85 cm | Chaise: 180 × 90 × 85 cm</li>
  <li><strong>Fabric Upholstery:</strong> Olive Green Fabric Upholstery</li>
  <li><strong>Rattan Weaving:</strong> Natural woven cane chaise armrest panel</li>
  <li><strong>Manufacturing Atelier:</strong> Pattambi Factory, Palakkad, Kerala</li>
  <li><strong>Warranty:</strong> 5-Year Structural Frame Warranty</li>
  <li><strong>Customization:</strong> Available upon request</li>
</ul>
<h3>Artisanal Made-to-Order Process</h3>
<p>Every piece is fabricated to order by our master carpenters. Zero mass-production or particle board fillers. Insured white-glove transport across India.</p>",ZOOSH,Furniture > Sofas,Three Seater Sofa,"Furniture, Three Seater Sofa, Solid Ash Wood, Melamine Matte Finish, Made to Order, Solid Wood, Kerala Crafted",TRUE,Wood / Material,Solid Ash Wood,Dimensions,Main: 270 × 90 × 85 cm | Chaise: 180 × 90 × 85 cm,Title,Default Title,SF009,50000,shopify,10,continue,manual,135000.00,155250.00,TRUE,TRUE,,https://zoosh.in/images/products/sf009-1.jpg,1,Zenith Sectional Sofa - Solid Ash Wood by ZOOSH,FALSE,Zenith Sectional Sofa | Handcrafted Solid Wood Furniture | ZOOSH,Handcrafted Zenith Sectional Sofa made from Solid Ash Wood with Melamine Matte Finish. Custom bespoke furniture made to order by ZOOSH Kerala.,Furniture,active
sora-sofa,Sora Sofa,"<p>Handcrafted from selected solid mahogany wood with a refined matt polish, featuring sculpted cylindrical spindle armrests, tapered round timber legs, and plush forest green cushions.</p>
<h3>Product Specifications</h3>
<ul>
  <li><strong>Base Material:</strong> Solid Mahogany Wood</li>
  <li><strong>Finish / Polish:</strong> Melamine Matt Polish</li>
  <li><strong>Dimensions:</strong> 195 cm W × 80 cm D × 78 cm H (Seat H: 42 cm)</li>
  <li><strong>Fabric Upholstery:</strong> Forest Green Textured Fabric Upholstery</li>
  <li><strong>Manufacturing Atelier:</strong> Pattambi Factory, Palakkad, Kerala</li>
  <li><strong>Warranty:</strong> 5-Year Structural Frame Warranty</li>
  <li><strong>Customization:</strong> Available upon request</li>
</ul>
<h3>Artisanal Made-to-Order Process</h3>
<p>Every piece is fabricated to order by our master carpenters. Zero mass-production or particle board fillers. Insured white-glove transport across India.</p>",ZOOSH,Furniture > Sofas,Three Seater Sofa,"Furniture, Three Seater Sofa, Solid Mahogany Wood, Melamine Matt Polish, Made to Order, Solid Wood, Kerala Crafted",TRUE,Wood / Material,Solid Mahogany Wood,Dimensions,195 cm W × 80 cm D × 78 cm H,Title,Default Title,SF010,50000,shopify,10,continue,manual,38700.00,44505.00,TRUE,TRUE,,https://zoosh.in/images/products/sf010-set-v2.jpg,1,Sora Sofa - Solid Mahogany Wood by ZOOSH,FALSE,Sora Sofa | Handcrafted Solid Wood Furniture | ZOOSH,Handcrafted Sora Sofa made from Solid Mahogany Wood with Melamine Matt Polish. Custom bespoke furniture made to order by ZOOSH Kerala.,Furniture,active
linear-sofa,Linear Sofa,"<p>Expertly crafted in solid teak wood with a refined matt polish finish, featuring sculpted Scandinavian clean lines, ergonomic angled armrests, and plush oatmeal textured upholstery.</p>
<h3>Product Specifications</h3>
<ul>
  <li><strong>Base Material:</strong> Solid Teak Wood</li>
  <li><strong>Finish / Polish:</strong> Melamine Matt Polish</li>
  <li><strong>Dimensions:</strong> 198 cm W × 82 cm D × 78 cm H (Seat H: 42 cm)</li>
  <li><strong>Fabric Upholstery:</strong> Oatmeal Textured Linen Blend Upholstery</li>
  <li><strong>Manufacturing Atelier:</strong> Pattambi Factory, Palakkad, Kerala</li>
  <li><strong>Warranty:</strong> 5-Year Structural Frame Warranty</li>
  <li><strong>Customization:</strong> Available upon request</li>
</ul>
<h3>Artisanal Made-to-Order Process</h3>
<p>Every piece is fabricated to order by our master carpenters. Zero mass-production or particle board fillers. Insured white-glove transport across India.</p>",ZOOSH,Furniture > Sofas,Three Seater Sofa,"Furniture, Three Seater Sofa, Solid Teak Wood, Melamine Matt Polish, Made to Order, Solid Wood, Kerala Crafted",TRUE,Wood / Material,Solid Teak Wood,Dimensions,198 cm W × 82 cm D × 78 cm H,Title,Default Title,SF011,50000,shopify,10,continue,manual,41500.00,47725.00,TRUE,TRUE,,https://zoosh.in/images/products/sf011-1.jpg,1,Linear Sofa - Solid Teak Wood by ZOOSH,FALSE,Linear Sofa | Handcrafted Solid Wood Furniture | ZOOSH,Handcrafted Linear Sofa made from Solid Teak Wood with Melamine Matt Polish. Custom bespoke furniture made to order by ZOOSH Kerala.,Furniture,active
sage-sofa,Sage Sofa,"<p>Handcrafted from solid mahogany wood with a smooth matt polish finish, featuring natural woven cane armrest panels, tapered timber legs, and plush sage green textured upholstery.</p>
<h3>Product Specifications</h3>
<ul>
  <li><strong>Base Material:</strong> Solid Mahogany Wood</li>
  <li><strong>Finish / Polish:</strong> Matt Polish Finish</li>
  <li><strong>Dimensions:</strong> 198 cm W × 82 cm D × 78 cm H (Seat H: 42 cm)</li>
  <li><strong>Fabric Upholstery:</strong> Sage Textured Fabric</li>
  <li><strong>Rattan Weaving:</strong> Natural woven cane armrest panels</li>
  <li><strong>Manufacturing Atelier:</strong> Pattambi Factory, Palakkad, Kerala</li>
  <li><strong>Warranty:</strong> 5-Year Structural Frame Warranty</li>
  <li><strong>Customization:</strong> Available upon request</li>
</ul>
<h3>Artisanal Made-to-Order Process</h3>
<p>Every piece is fabricated to order by our master carpenters. Zero mass-production or particle board fillers. Insured white-glove transport across India.</p>",ZOOSH,Furniture > Sofas,Three Seater Sofa,"Furniture, Three Seater Sofa, Solid Mahogany Wood, Matt Polish Finish, Made to Order, Solid Wood, Kerala Crafted",TRUE,Wood / Material,Solid Mahogany Wood,Dimensions,198 cm W × 82 cm D × 78 cm H,Title,Default Title,SF012,50000,shopify,10,continue,manual,33990.00,39088.00,TRUE,TRUE,,https://zoosh.in/images/products/sf012-1.jpg,1,Sage Sofa - Solid Mahogany Wood by ZOOSH,FALSE,Sage Sofa | Handcrafted Solid Wood Furniture | ZOOSH,Handcrafted Sage Sofa made from Solid Mahogany Wood with Matt Polish Finish. Custom bespoke furniture made to order by ZOOSH Kerala.,Furniture,active
koto-daybed,Koto Daybed,"<p>Handcrafted from solid acacia wood with a smooth matt polish finish, featuring an asymmetrical curved cane backrest, vertical spindle details, tailored linen seating, and cylindrical bolsters.</p>
<h3>Product Specifications</h3>
<ul>
  <li><strong>Base Material:</strong> Solid Acacia Wood</li>
  <li><strong>Finish / Polish:</strong> Matt Polish Finish</li>
  <li><strong>Dimensions:</strong> 195 cm W × 80 cm D × 72 cm H (Seat H: 42 cm)</li>
  <li><strong>Fabric Upholstery:</strong> Beige Linen Blend Fabric</li>
  <li><strong>Rattan Weaving:</strong> Natural woven cane backrest weave</li>
  <li><strong>Manufacturing Atelier:</strong> Pattambi Factory, Palakkad, Kerala</li>
  <li><strong>Warranty:</strong> 5-Year Structural Frame Warranty</li>
  <li><strong>Customization:</strong> Available upon request</li>
</ul>
<h3>Artisanal Made-to-Order Process</h3>
<p>Every piece is fabricated to order by our master carpenters. Zero mass-production or particle board fillers. Insured white-glove transport across India.</p>",ZOOSH,Furniture > Sofas,Three Seater Sofa,"Furniture, Three Seater Sofa, Solid Acacia Wood, Matt Polish Finish, Made to Order, Solid Wood, Kerala Crafted",TRUE,Wood / Material,Solid Acacia Wood,Dimensions,195 cm W × 80 cm D × 72 cm H,Title,Default Title,SF013,50000,shopify,10,continue,manual,24200.00,27830.00,TRUE,TRUE,,https://zoosh.in/images/products/sf013-1.jpg,1,Koto Daybed - Solid Acacia Wood by ZOOSH,FALSE,Koto Daybed | Handcrafted Solid Wood Furniture | ZOOSH,Handcrafted Koto Daybed made from Solid Acacia Wood with Matt Polish Finish. Custom bespoke furniture made to order by ZOOSH Kerala.,Furniture,active
plinth-sofa,Plinth Sofa,"<p>Handcrafted from solid ash wood with a refined matt polish, featuring an extended low-profile timber side plinth ledge, sculpted right armrest, and deep plush pistachio green seating.</p>
<h3>Product Specifications</h3>
<ul>
  <li><strong>Base Material:</strong> Solid Ash Wood</li>
  <li><strong>Finish / Polish:</strong> Melamine Matt Polish</li>
  <li><strong>Dimensions:</strong> 210 cm W × 90 cm D × 75 cm H (Seat H: 40 cm)</li>
  <li><strong>Fabric Upholstery:</strong> Pistachio Green Soft Upholstery</li>
  <li><strong>Manufacturing Atelier:</strong> Pattambi Factory, Palakkad, Kerala</li>
  <li><strong>Warranty:</strong> 5-Year Structural Frame Warranty</li>
  <li><strong>Customization:</strong> Available upon request</li>
</ul>
<h3>Artisanal Made-to-Order Process</h3>
<p>Every piece is fabricated to order by our master carpenters. Zero mass-production or particle board fillers. Insured white-glove transport across India.</p>",ZOOSH,Furniture > Sofas,Three Seater Sofa,"Furniture, Three Seater Sofa, Solid Ash Wood, Melamine Matt Polish, Made to Order, Solid Wood, Kerala Crafted",TRUE,Wood / Material,Solid Ash Wood,Dimensions,210 cm W × 90 cm D × 75 cm H,Title,Default Title,SF014,50000,shopify,10,continue,manual,59500.00,68425.00,TRUE,TRUE,,https://zoosh.in/images/products/sf014-v2.jpg,1,Plinth Sofa - Solid Ash Wood by ZOOSH,FALSE,Plinth Sofa | Handcrafted Solid Wood Furniture | ZOOSH,Handcrafted Plinth Sofa made from Solid Ash Wood with Melamine Matt Polish. Custom bespoke furniture made to order by ZOOSH Kerala.,Furniture,active
arc-sofa,Arc Sofa,"<p>An organic modern piece featuring a cocoon-like curved silhouette, continuous sculpted solid teak base plinth with rounded corner trim, and ivory textured bouclé upholstery.</p>
<h3>Product Specifications</h3>
<ul>
  <li><strong>Base Material:</strong> Solid Teak Wood & Molded Frame</li>
  <li><strong>Finish / Polish:</strong> Melamine Matt Polish</li>
  <li><strong>Dimensions:</strong> 180 cm W × 95 cm D × 76 cm H (Seat H: 42 cm)</li>
  <li><strong>Fabric Upholstery:</strong> Ivory Textured Bouclé Fabric</li>
  <li><strong>Manufacturing Atelier:</strong> Pattambi Factory, Palakkad, Kerala</li>
  <li><strong>Warranty:</strong> 5-Year Structural Frame Warranty</li>
  <li><strong>Customization:</strong> Available upon request</li>
</ul>
<h3>Artisanal Made-to-Order Process</h3>
<p>Every piece is fabricated to order by our master carpenters. Zero mass-production or particle board fillers. Insured white-glove transport across India.</p>",ZOOSH,Furniture > Sofas,Three Seater Sofa,"Furniture, Three Seater Sofa, Solid Teak Wood & Molded Frame, Melamine Matt Polish, Made to Order, Solid Wood, Kerala Crafted",TRUE,Wood / Material,Solid Teak Wood & Molded Frame,Dimensions,180 cm W × 95 cm D × 76 cm H,Title,Default Title,SF015,50000,shopify,10,continue,manual,48990.00,56338.00,TRUE,TRUE,,https://zoosh.in/images/products/sf015-1.jpg,1,Arc Sofa - Solid Teak Wood & Molded Frame by ZOOSH,FALSE,Arc Sofa | Handcrafted Solid Wood Furniture | ZOOSH,Handcrafted Arc Sofa made from Solid Teak Wood & Molded Frame with Melamine Matt Polish. Custom bespoke furniture made to order by ZOOSH Kerala.,Furniture,active
meridian-sectional-sofa,Meridian Sectional Sofa,"<p>An architectural modular curved sectional sofa crafted with a solid teak wood internal frame, capsule rounded ends, an extended lounging chaise, and slate grey velvet upholstery.</p>
<h3>Product Specifications</h3>
<ul>
  <li><strong>Base Material:</strong> Solid Teak Wood & Molded Frame</li>
  <li><strong>Finish / Polish:</strong> Melamine Matt Polish</li>
  <li><strong>Dimensions:</strong> Main: 210 × 85 × 75 cm | Chaise: 210 × 85 × 75 cm</li>
  <li><strong>Fabric Upholstery:</strong> Slate Grey Plush Velvet Fabric</li>
  <li><strong>Manufacturing Atelier:</strong> Pattambi Factory, Palakkad, Kerala</li>
  <li><strong>Warranty:</strong> 5-Year Structural Frame Warranty</li>
  <li><strong>Customization:</strong> Available upon request</li>
</ul>
<h3>Artisanal Made-to-Order Process</h3>
<p>Every piece is fabricated to order by our master carpenters. Zero mass-production or particle board fillers. Insured white-glove transport across India.</p>",ZOOSH,Furniture > Sofas,Three Seater Sofa,"Furniture, Three Seater Sofa, Solid Teak Wood & Molded Frame, Melamine Matt Polish, Made to Order, Solid Wood, Kerala Crafted",TRUE,Wood / Material,Solid Teak Wood & Molded Frame,Dimensions,Main: 210 × 85 × 75 cm | Chaise: 210 × 85 × 75 cm,Title,Default Title,SF016,50000,shopify,10,continue,manual,88700.00,102005.00,TRUE,TRUE,,https://zoosh.in/images/products/sf016-hero.jpg,1,Meridian Sectional Sofa - Solid Teak Wood & Molded Frame by ZOOSH,FALSE,Meridian Sectional Sofa | Handcrafted Solid Wood Furniture | ZOOSH,Handcrafted Meridian Sectional Sofa made from Solid Teak Wood & Molded Frame with Melamine Matt Polish. Custom bespoke furniture made to order by ZOOSH Kerala.,Furniture,active
meridian-sectional-sofa,,,,,,,,,,,,,,,,,,,,,,,,,https://zoosh.in/images/products/sf016-1.jpg,2,Meridian Sectional Sofa Detail View 2,,,,,
bentley-sofa,Bentley Sofa,"<p>Masterfully crafted with curved molded plywood and warm teak veneer outer arm shells, solid teak plinth frame with angled splayed legs, and soft ivory bouclé upholstery.</p>
<h3>Product Specifications</h3>
<ul>
  <li><strong>Base Material:</strong> Solid Teak Wood, Plywood & Teak Veneer</li>
  <li><strong>Finish / Polish:</strong> Melamine Matt Polish</li>
  <li><strong>Dimensions:</strong> 216 cm W × 92 cm D × 95 cm H (Seat H: 44 cm)</li>
  <li><strong>Fabric Upholstery:</strong> Ivory Textured Bouclé Fabric</li>
  <li><strong>Manufacturing Atelier:</strong> Pattambi Factory, Palakkad, Kerala</li>
  <li><strong>Warranty:</strong> 5-Year Structural Frame Warranty</li>
  <li><strong>Customization:</strong> Available upon request</li>
</ul>
<h3>Artisanal Made-to-Order Process</h3>
<p>Every piece is fabricated to order by our master carpenters. Zero mass-production or particle board fillers. Insured white-glove transport across India.</p>",ZOOSH,Furniture > Sofas,Three Seater Sofa,"Furniture, Three Seater Sofa, Solid Teak Wood, Plywood & Teak Veneer, Melamine Matt Polish, Made to Order, Solid Wood, Kerala Crafted",TRUE,Wood / Material,"Solid Teak Wood, Plywood & Teak Veneer",Dimensions,216 cm W × 92 cm D × 95 cm H,Title,Default Title,SF017,50000,shopify,10,continue,manual,56000.00,64400.00,TRUE,TRUE,,https://zoosh.in/images/products/sf017-1.jpg,1,"Bentley Sofa - Solid Teak Wood, Plywood & Teak Veneer by ZOOSH",FALSE,Bentley Sofa | Handcrafted Solid Wood Furniture | ZOOSH,"Handcrafted Bentley Sofa made from Solid Teak Wood, Plywood & Teak Veneer with Melamine Matt Polish. Custom bespoke furniture made to order by ZOOSH Kerala.",Furniture,active
astra-sofa,Astra Sofa,"<p>A grand 230 cm architectural sofa featuring cloud-like contours, expansive twin bench seating, and an exposed solid teak wood base plinth with sculpted corner bracket feet.</p>
<h3>Product Specifications</h3>
<ul>
  <li><strong>Base Material:</strong> Solid Teak Wood & Hardwood Frame</li>
  <li><strong>Finish / Polish:</strong> Melamine Matt Polish</li>
  <li><strong>Dimensions:</strong> 230 cm W × 100 cm D × 80 cm H (Seat H: 42 cm)</li>
  <li><strong>Fabric Upholstery:</strong> Cream Textured Bouclé Fabric</li>
  <li><strong>Manufacturing Atelier:</strong> Pattambi Factory, Palakkad, Kerala</li>
  <li><strong>Warranty:</strong> 5-Year Structural Frame Warranty</li>
  <li><strong>Customization:</strong> Available upon request</li>
</ul>
<h3>Artisanal Made-to-Order Process</h3>
<p>Every piece is fabricated to order by our master carpenters. Zero mass-production or particle board fillers. Insured white-glove transport across India.</p>",ZOOSH,Furniture > Sofas,Three Seater Sofa,"Furniture, Three Seater Sofa, Solid Teak Wood & Hardwood Frame, Melamine Matt Polish, Made to Order, Solid Wood, Kerala Crafted",TRUE,Wood / Material,Solid Teak Wood & Hardwood Frame,Dimensions,230 cm W × 100 cm D × 80 cm H,Title,Default Title,SF018,50000,shopify,10,continue,manual,54100.00,62215.00,TRUE,TRUE,,https://zoosh.in/images/products/sf018-1.jpg,1,Astra Sofa - Solid Teak Wood & Hardwood Frame by ZOOSH,FALSE,Astra Sofa | Handcrafted Solid Wood Furniture | ZOOSH,Handcrafted Astra Sofa made from Solid Teak Wood & Hardwood Frame with Melamine Matt Polish. Custom bespoke furniture made to order by ZOOSH Kerala.,Furniture,active
indigo-sectional-sofa,Indigo Sectional Sofa,"<p>Handcrafted from solid teak wood with vertical timber spindle railings on the armrest and chaise back, supported by a low-profile plinth base in deep royal indigo fabric.</p>
<h3>Product Specifications</h3>
<ul>
  <li><strong>Base Material:</strong> Solid Teak Wood</li>
  <li><strong>Finish / Polish:</strong> Melamine Matt Polish</li>
  <li><strong>Dimensions:</strong> Main: 210 × 90 × 82 cm | Chaise: 165 × 90 × 82 cm</li>
  <li><strong>Fabric Upholstery:</strong> Royal Indigo Blue Fabric Upholstery</li>
  <li><strong>Manufacturing Atelier:</strong> Pattambi Factory, Palakkad, Kerala</li>
  <li><strong>Warranty:</strong> 5-Year Structural Frame Warranty</li>
  <li><strong>Customization:</strong> Available upon request</li>
</ul>
<h3>Artisanal Made-to-Order Process</h3>
<p>Every piece is fabricated to order by our master carpenters. Zero mass-production or particle board fillers. Insured white-glove transport across India.</p>",ZOOSH,Furniture > Sofas,Three Seater Sofa,"Furniture, Three Seater Sofa, Solid Teak Wood, Melamine Matt Polish, Made to Order, Solid Wood, Kerala Crafted",TRUE,Wood / Material,Solid Teak Wood,Dimensions,Main: 210 × 90 × 82 cm | Chaise: 165 × 90 × 82 cm,Title,Default Title,SF019,50000,shopify,10,continue,manual,52200.00,60030.00,TRUE,TRUE,,https://zoosh.in/images/products/sf019-v2.jpg,1,Indigo Sectional Sofa - Solid Teak Wood by ZOOSH,FALSE,Indigo Sectional Sofa | Handcrafted Solid Wood Furniture | ZOOSH,Handcrafted Indigo Sectional Sofa made from Solid Teak Wood with Melamine Matt Polish. Custom bespoke furniture made to order by ZOOSH Kerala.,Furniture,active
serena-sofa,Serena Sofa,"<p>Handcrafted from solid mahogany wood with a refined matt polish, featuring sculpted forward-tapering armrests, an exposed geometric A-line timber frame, and cream linen blend cushions.</p>
<h3>Product Specifications</h3>
<ul>
  <li><strong>Base Material:</strong> Solid Mahogany Wood</li>
  <li><strong>Finish / Polish:</strong> Melamine Matt Polish</li>
  <li><strong>Dimensions:</strong> 210 cm W × 85 cm D × 80 cm H (Seat H: 42 cm)</li>
  <li><strong>Fabric Upholstery:</strong> Cream Textured Linen Blend Upholstery</li>
  <li><strong>Manufacturing Atelier:</strong> Pattambi Factory, Palakkad, Kerala</li>
  <li><strong>Warranty:</strong> 5-Year Structural Frame Warranty</li>
  <li><strong>Customization:</strong> Available upon request</li>
</ul>
<h3>Artisanal Made-to-Order Process</h3>
<p>Every piece is fabricated to order by our master carpenters. Zero mass-production or particle board fillers. Insured white-glove transport across India.</p>",ZOOSH,Furniture > Sofas,Three Seater Sofa,"Furniture, Three Seater Sofa, Solid Mahogany Wood, Melamine Matt Polish, Made to Order, Solid Wood, Kerala Crafted",TRUE,Wood / Material,Solid Mahogany Wood,Dimensions,210 cm W × 85 cm D × 80 cm H,Title,Default Title,SF020,50000,shopify,10,continue,manual,43200.00,49680.00,TRUE,TRUE,,https://zoosh.in/images/products/sf020-1.jpg,1,Serena Sofa - Solid Mahogany Wood by ZOOSH,FALSE,Serena Sofa | Handcrafted Solid Wood Furniture | ZOOSH,Handcrafted Serena Sofa made from Solid Mahogany Wood with Melamine Matt Polish. Custom bespoke furniture made to order by ZOOSH Kerala.,Furniture,active
sol-curved-sofa,Sol Curved Sofa,"<p>A fluid architectural statement piece featuring organic S-curved contours, an enveloping low-profile silhouette with vertical segmented backrest tailoring, and rich cream textured bouclé upholstery.</p>
<h3>Product Specifications</h3>
<ul>
  <li><strong>Base Material:</strong> Molded Plywood & Hardwood Core</li>
  <li><strong>Finish / Polish:</strong> Fabric Upholstery Finish</li>
  <li><strong>Dimensions:</strong> 240 cm W × 115 cm D × 78 cm H (Seat H: 42 cm)</li>
  <li><strong>Fabric Upholstery:</strong> Cream Textured Bouclé Fabric Upholstery</li>
  <li><strong>Manufacturing Atelier:</strong> Pattambi Factory, Palakkad, Kerala</li>
  <li><strong>Warranty:</strong> 5-Year Structural Frame Warranty</li>
  <li><strong>Customization:</strong> Available upon request</li>
</ul>
<h3>Artisanal Made-to-Order Process</h3>
<p>Every piece is fabricated to order by our master carpenters. Zero mass-production or particle board fillers. Insured white-glove transport across India.</p>",ZOOSH,Furniture > Sofas,Three Seater Sofa,"Furniture, Three Seater Sofa, Molded Plywood & Hardwood Core, Fabric Upholstery Finish, Made to Order, Solid Wood, Kerala Crafted",TRUE,Wood / Material,Molded Plywood & Hardwood Core,Dimensions,240 cm W × 115 cm D × 78 cm H,Title,Default Title,SF021,50000,shopify,10,continue,manual,45700.00,52555.00,TRUE,TRUE,,https://zoosh.in/images/products/sf021-1.jpg,1,Sol Curved Sofa - Molded Plywood & Hardwood Core by ZOOSH,FALSE,Sol Curved Sofa | Handcrafted Solid Wood Furniture | ZOOSH,Handcrafted Sol Curved Sofa made from Molded Plywood & Hardwood Core with Fabric Upholstery Finish. Custom bespoke furniture made to order by ZOOSH Kerala.,Furniture,active
